species,elevation,soil_type,sepal_length,sepal_width,petal_length,petal_width,sepal_area,petal_area,sepal_aspect_ratio,petal_aspect_ratio,sepal_to_petal_length_ratio,sepal_to_petal_width_ratio,sepal_petal_length_diff,sepal_petal_width_diff,petal_curvature_mm,petal_texture_trichomes_per_mm2,leaf_area_cm2,sepal_area_sqrt,petal_area_sqrt,area_ratios
virginica,200.2,sandy,6.12,1.91,5.94,2.16,11.6892,12.8304,3.2041884816753927,2.75,1.0303030303030305,0.8842592592592592,0.1799999999999997,-0.2500000000000002,15.21,9.65,71.48,3.41894720637801,3.581954773583832,0.9110549943883276
virginica,73.4,sandy,7.47,2.65,5.97,1.14,19.7955,6.805799999999999,2.818867924528302,5.236842105263158,1.2512562814070352,2.3245614035087723,1.5,1.51,11.18,12.51,77.97,4.449213413627177,2.60879282427716,2.908622057656705
setosa,292.5,loamy,5.05,3.14,1.07,0.47,15.857,0.5029,1.60828025477707,2.276595744680851,4.719626168224298,6.680851063829788,3.98,2.67,4.71,26.55,52.9,3.9820848810641896,0.709154426059656,31.531119506860207
versicolor,70.0,loamy,6.05,2.86,3.86,1.5,17.302999999999997,5.79,2.1153846153846154,2.5733333333333333,1.567357512953368,1.9066666666666665,2.19,1.36,7.28,14.83,61.39,4.159687488261588,2.406241883103193,2.9884283246977543
versicolor,245.1,clay,6.39,2.98,4.78,1.84,19.0422,8.795200000000001,2.1442953020134228,2.597826086956522,1.3368200836820083,1.6195652173913042,1.6099999999999994,1.14,8.47,17.54,62.0,4.363736930659317,2.9656702446495973,2.165067309441513
versicolor,164.8,loamy,6.28,2.87,3.9,1.12,18.0236,4.368,2.1881533101045294,3.4821428571428568,1.6102564102564103,2.5625,2.3800000000000003,1.75,6.16,13.19,58.89,4.245421062745131,2.089976076418101,4.126282051282051
versicolor,133.0,sandy,5.94,2.12,3.52,1.28,12.592800000000002,4.5056,2.80188679245283,2.75,1.6875,1.65625,2.4200000000000004,0.8400000000000001,8.87,12.63,52.08,3.548633539829099,2.122639865827456,2.7949218750000004
virginica,286.4,clay,6.16,3.63,4.44,2.55,22.3608,11.322,1.696969696969697,1.7411764705882355,1.3873873873873872,1.423529411764706,1.7199999999999998,1.08,12.1,10.33,79.09,4.728720757245029,3.3648179742743887,1.97498675145734
virginica,205.4,loamy,7.17,3.0,5.6,2.01,21.51,11.255999999999998,2.39,2.7860696517412937,1.280357142857143,1.492537313432836,1.5700000000000005,0.9900000000000002,12.88,9.52,62.61,4.637887450122092,3.354996274215517,1.9109808102345416
versicolor,126.1,loamy,5.73,2.8,4.92,1.45,16.044,7.134,2.046428571428572,3.393103448275862,1.1646341463414636,1.9310344827586208,0.8100000000000005,1.35,7.45,16.02,63.3,4.0054962239403,2.6709548854295537,2.248948696383516
setosa,68.1,sandy,6.36,3.16,1.7,0.26,20.097600000000003,0.442,2.0126582278481013,6.538461538461538,3.741176470588236,12.153846153846152,4.66,2.9000000000000004,5.01,18.78,50.43,4.483034686459609,0.6648308055437865,45.46968325791856
setosa,69.4,sandy,5.11,3.14,1.77,0.26,16.0454,0.4602,1.627388535031847,6.807692307692308,2.8870056497175143,12.076923076923077,3.3400000000000003,2.88,4.96,17.84,45.91,4.005670979998232,0.6783804242458652,34.86614515428075
setosa,277.8,sandy,4.64,2.54,1.46,0.39,11.7856,0.5694,1.826771653543307,3.743589743589743,3.1780821917808217,6.512820512820513,3.18,2.15,4.43,21.66,53.15,3.4330161665800527,0.7545859791965392,20.698278890059708
versicolor,52.5,sandy,6.21,3.23,4.79,1.07,20.0583,5.1253,1.9226006191950464,4.476635514018692,1.2964509394572026,3.0186915887850465,1.42,2.16,6.86,17.72,62.16,4.478649349971485,2.263912542480385,3.913585546211929
virginica,171.2,loamy,6.16,3.07,5.3,1.88,18.9112,9.964,2.006514657980456,2.8191489361702127,1.1622641509433962,1.6329787234042554,0.8600000000000003,1.19,12.42,7.83,74.88,4.348700955457848,3.156580428248265,1.8979526294660785
setosa,158.0,loamy,4.39,3.06,1.44,0.26,13.4334,0.3744,1.4346405228758168,5.538461538461538,3.048611111111111,11.769230769230768,2.95,2.8,5.32,18.7,44.29,3.665160296630967,0.6118823416311342,35.879807692307686
virginica,86.9,clay,6.72,3.58,6.08,2.21,24.0576,13.4368,1.877094972067039,2.751131221719457,1.1052631578947367,1.6199095022624437,0.6399999999999997,1.37,14.25,9.55,62.5,4.904854737910187,3.6656240942027862,1.7904262919742795
versicolor,109.5,sandy,7.22,2.78,4.77,1.22,20.0716,5.819399999999999,2.5971223021582737,3.9098360655737694,1.5136268343815515,2.278688524590164,2.45,1.5599999999999998,8.89,11.52,60.2,4.480133926569606,2.412343259156955,3.4490840980169777
virginica,297.9,clay,5.92,2.74,4.66,1.83,16.2208,8.527800000000001,2.1605839416058394,2.546448087431694,1.2703862660944203,1.4972677595628416,1.2599999999999998,0.91,8.63,8.3,47.25,4.027505431405401,2.920239716187697,1.9021083984145968
setosa,217.7,clay,4.69,4.52,1.72,0.24,21.1988,0.4128,1.0376106194690269,7.166666666666667,2.726744186046512,18.83333333333333,2.9700000000000006,4.279999999999999,4.31,16.51,45.9,4.604215459771621,0.6424951361683604,51.35368217054263
setosa,227.3,clay,5.2,3.22,1.44,0.21,16.744000000000003,0.3024,1.6149068322981366,6.857142857142857,3.611111111111111,15.333333333333336,3.76,3.01,4.36,19.24,53.0,4.091943303615045,0.5499090833947008,55.37037037037038
setosa,273.5,loamy,4.48,2.95,1.54,0.4,13.216000000000005,0.6160000000000001,1.5186440677966102,3.85,2.909090909090909,7.375,2.9400000000000004,2.5500000000000003,5.2,26.32,54.1,3.635381685600565,0.7848566748139434,21.454545454545457
setosa,214.7,sandy,4.48,2.4,1.54,0.27,10.752,0.4158,1.866666666666667,5.703703703703703,2.909090909090909,8.888888888888888,2.9400000000000004,2.13,4.83,17.91,50.19,3.279024245107072,0.6448255578061404,25.858585858585855
versicolor,281.5,clay,5.61,3.1,3.48,1.67,17.391000000000002,5.811599999999999,1.8096774193548388,2.0838323353293413,1.6120689655172415,1.8562874251497008,2.1300000000000003,1.4300000000000002,8.66,17.86,56.87,4.17025179095939,2.410726031717416,2.9924633491637422
versicolor,105.9,loamy,6.03,2.09,4.3,1.3,12.6027,5.59,2.885167464114833,3.3076923076923075,1.402325581395349,1.6076923076923075,1.7300000000000004,0.7899999999999998,8.87,14.31,63.57,3.5500281689023256,2.364318083507378,2.254508050089445
setosa,177.2,clay,5.49,3.81,1.62,0.27,20.9169,0.4374,1.440944881889764,6.0,3.388888888888889,14.11111111111111,3.87,3.54,3.99,25.01,50.28,4.573499754017704,0.6613622305514582,47.82098765432099
setosa,111.7,sandy,5.17,3.33,1.5,0.36,17.2161,0.54,1.5525525525525523,4.166666666666667,3.4466666666666668,9.25,3.67,2.97,5.22,19.83,57.71,4.149228844014271,0.7348469228349535,31.881666666666668
virginica,237.2,loamy,6.0,2.64,5.28,1.58,15.84,8.342400000000001,2.2727272727272725,3.3417721518987342,1.1363636363636362,1.6708860759493671,0.7199999999999998,1.06,11.66,9.56,65.33,3.97994974842648,2.888321311765712,1.8987341772151896
virginica,131.1,loamy,5.3,2.8,6.65,1.36,14.839999999999998,9.044,1.892857142857143,4.889705882352941,0.7969924812030075,2.0588235294117645,-1.3500000000000003,1.4399999999999995,13.67,6.99,65.97,3.852272056851645,3.007324392213118,1.640866873065015
virginica,182.8,loamy,5.87,3.48,5.92,1.48,20.4276,8.7616,1.6867816091954024,4.0,0.991554054054054,2.3513513513513518,-0.0499999999999998,2.0,15.47,11.41,68.03,4.519690254873668,2.96,2.331491964937911
versicolor,266.2,clay,6.22,2.96,4.09,1.47,18.4112,6.0123,2.1013513513513518,2.782312925170068,1.5207823960880196,2.0136054421768708,2.13,1.49,8.53,10.54,48.12,4.290827426033352,2.4519991843391797,3.062255709129617
versicolor,125.7,clay,5.71,3.42,4.29,1.76,19.5282,7.5504,1.6695906432748535,2.4375,1.331002331002331,1.943181818181818,1.42,1.66,7.39,14.86,69.55,4.419072300834192,2.747799119295295,2.586379529561348
virginica,273.8,clay,6.11,3.5,4.98,2.82,21.385,14.0436,1.7457142857142858,1.7659574468085109,1.2269076305220885,1.2411347517730498,1.13,0.6800000000000002,14.59,11.53,70.38,4.624391851908746,3.747479152710526,1.5227576974564927
virginica,230.1,sandy,7.02,2.48,4.7,1.46,17.409599999999998,6.862,2.8306451612903225,3.219178082191781,1.4936170212765956,1.6986301369863015,2.3199999999999994,1.02,9.14,11.86,63.39,4.17248127617129,2.619541944691858,2.537102885456135
virginica,293.0,clay,6.5,3.64,5.59,2.0,23.66,11.18,1.7857142857142856,2.795,1.162790697674419,1.82,0.91,1.64,12.81,11.08,75.34,4.864154602806124,3.3436506994600976,2.116279069767442
setosa,212.7,sandy,4.72,3.04,1.78,0.35,14.3488,0.623,1.5526315789473684,5.085714285714286,2.651685393258427,8.685714285714287,2.9399999999999995,2.69,5.09,18.55,51.44,3.787980992560549,0.7893034904268447,23.031781701444626
versicolor,247.5,loamy,5.21,2.98,4.95,1.55,15.5258,7.6725,1.748322147651007,3.193548387096774,1.0525252525252524,1.9225806451612903,0.2599999999999998,1.43,8.01,15.53,57.3,3.940279177926356,2.769927796892908,2.0235646790485498
setosa,256.9,loamy,4.93,2.82,1.46,0.29,13.902599999999998,0.4233999999999999,1.74822695035461,5.0344827586206895,3.3767123287671232,9.724137931034482,3.47,2.53,5.3,24.84,51.28,3.7286190473149694,0.6506919393998976,32.83561643835616
virginica,95.7,loamy,7.63,3.11,5.96,2.03,23.7293,12.0988,2.453376205787781,2.9359605911330053,1.2802013422818792,1.5320197044334976,1.67,1.08,13.63,8.84,69.92,4.871272934254454,3.4783329340360734,1.9612936820180515
versicolor,291.5,sandy,5.4,2.73,4.25,1.34,14.742,5.695,1.978021978021978,3.171641791044776,1.2705882352941178,2.0373134328358207,1.1500000000000004,1.39,7.58,16.4,60.89,3.839531221386278,2.386419912756345,2.5885864793678666
setosa,194.6,clay,5.18,4.22,1.64,0.16,21.8596,0.2623999999999999,1.2274881516587677,10.25,3.158536585365854,26.375,3.54,4.06,4.75,15.42,44.12,4.67542511436126,0.5122499389946279,83.3064024390244
virginica,173.3,clay,5.84,2.89,5.52,2.24,16.8776,12.3648,2.0207612456747404,2.464285714285714,1.0579710144927537,1.2901785714285714,0.3200000000000003,0.6499999999999999,14.22,11.65,75.03,4.108235631022155,3.5163617561337457,1.3649715320910971
versicolor,196.4,loamy,6.19,2.81,4.1,1.41,17.393900000000002,5.780999999999999,2.202846975088968,2.9078014184397163,1.5097560975609758,1.99290780141844,2.0900000000000007,1.4,9.49,16.88,66.71,4.170599477293402,2.4043710196223875,3.008804705068328
virginica,196.4,loamy,5.82,3.11,5.84,2.23,18.1002,13.0232,1.8713826366559487,2.618834080717489,0.9965753424657536,1.3946188340807175,-0.0199999999999995,0.8799999999999999,12.98,8.82,64.47,4.254432982196335,3.6087671024880494,1.389842742183181
virginica,174.4,loamy,6.74,2.75,5.45,1.72,18.535,9.374,2.450909090909091,3.168604651162791,1.236697247706422,1.5988372093023255,1.29,1.03,13.4,10.72,59.19,4.305229378325852,3.0616988748079064,1.9772775762748025
versicolor,277.4,loamy,6.08,2.96,4.3,1.12,17.9968,4.816,2.054054054054054,3.839285714285714,1.413953488372093,2.642857142857143,1.7800000000000002,1.84,8.79,14.17,59.11,4.242263546740113,2.1945386758952323,3.736877076411961
versicolor,243.1,sandy,5.42,2.42,3.86,1.23,13.1164,4.7478,2.239669421487603,3.138211382113821,1.4041450777202074,1.967479674796748,1.56,1.19,9.73,18.09,60.6,3.621657079293952,2.1789446987016445,2.762626900880408
virginica,138.7,loamy,6.35,3.19,4.78,2.32,20.2565,11.0896,1.9905956112852663,2.0603448275862077,1.328451882845188,1.375,1.5699999999999994,0.8700000000000001,11.91,12.08,53.07,4.500722164275418,3.330105103446436,1.826621338912134
virginica,82.9,sandy,6.57,2.51,6.69,1.76,16.4907,11.7744,2.617529880478088,3.801136363636364,0.9820627802690582,1.4261363636363635,-0.1200000000000001,0.7499999999999998,12.45,10.86,67.5,4.060874290100593,3.4313845602030675,1.400555442315532
versicolor,153.0,clay,6.3,2.71,5.17,1.51,17.073,7.8067,2.3247232472324724,3.423841059602649,1.218568665377176,1.794701986754967,1.13,1.2,9.13,16.3,66.83,4.131948692808273,2.7940472436950667,2.1869676047497664
versicolor,122.8,clay,6.45,3.52,3.14,1.43,22.704,4.4902,1.832386363636364,2.195804195804196,2.054140127388535,2.4615384615384617,3.31,2.09,7.24,13.95,57.35,4.764871456818117,2.1190092024340053,5.056344928956395
virginica,266.4,clay,6.71,3.34,4.94,2.34,22.4114,11.5596,2.008982035928144,2.111111111111112,1.3582995951417005,1.4273504273504274,1.7699999999999996,1.0,11.38,11.45,74.56,4.734068018100289,3.3999411759617253,1.9387695075954183
virginica,110.3,loamy,7.65,2.9,5.98,1.49,22.185,8.910200000000001,2.637931034482759,4.0134228187919465,1.279264214046823,1.9463087248322144,1.67,1.41,13.58,12.37,70.04,4.710095540432274,2.9849958123923725,2.4898431011649564
versicolor,146.6,sandy,5.97,2.76,4.1,1.09,16.477199999999996,4.469,2.1630434782608696,3.761467889908256,1.4560975609756095,2.5321100917431187,1.87,1.6699999999999997,9.15,18.63,58.12,4.059211746139883,2.114000946073582,3.6869993287088825
virginica,155.4,loamy,6.61,3.21,5.7,1.98,21.2181,11.286,2.059190031152648,2.878787878787879,1.1596491228070176,1.621212121212121,0.91,1.23,9.18,13.98,83.63,4.606310888335697,3.3594642430006605,1.8800372142477408
versicolor,256.5,clay,6.62,2.65,4.42,1.09,17.543,4.8178,2.49811320754717,4.055045871559632,1.497737556561086,2.4311926605504586,2.2,1.5599999999999998,8.34,13.01,62.28,4.188436462452308,2.194948746554233,3.6412885549420895
virginica,232.5,loamy,7.22,2.64,5.55,2.08,19.0608,11.544,2.7348484848484844,2.6682692307692304,1.300900900900901,1.2692307692307692,1.67,0.56,14.01,11.87,65.34,4.365867611368902,3.3976462440931074,1.651143451143451
setosa,296.5,loamy,4.96,3.21,1.53,0.27,15.9216,0.4131,1.5451713395638629,5.666666666666666,3.241830065359477,11.888888888888888,3.43,2.94,4.73,23.51,55.76,3.990187965497365,0.6427285585688565,38.54175744371823
setosa,80.3,loamy,5.12,3.04,1.56,0.3,15.5648,0.4679999999999999,1.6842105263157894,5.2,3.282051282051282,10.133333333333336,3.56,2.74,4.5,19.58,52.61,3.945224961900145,0.6841052550594827,33.25811965811966
virginica,130.2,clay,7.02,3.15,6.1,2.68,22.113,16.348,2.2285714285714286,2.276119402985074,1.1508196721311474,1.1753731343283582,0.92,0.4699999999999997,13.01,13.42,69.73,4.702446171940728,4.043266006584281,1.3526425250795204
virginica,211.5,clay,6.15,3.47,5.54,1.85,21.3405,10.249,1.7723342939481268,2.994594594594594,1.1101083032490977,1.875675675675676,0.6100000000000003,1.62,13.89,8.51,73.53,4.619577902795882,3.201405941145234,2.082203141769929
setosa,89.2,sandy,5.98,2.77,1.78,0.22,16.564600000000002,0.3916,2.1588447653429603,8.090909090909092,3.359550561797753,12.590909090909092,4.2,2.55,5.63,17.69,46.0,4.069963144796277,0.6257795138864807,42.29979570990808
versicolor,205.6,clay,5.7,2.5,4.31,1.38,14.25,5.947799999999999,2.28,3.1231884057971016,1.322505800464037,1.8115942028985508,1.3900000000000006,1.12,8.17,17.32,56.0,3.774917217635375,2.438811185803444,2.3958438414203576
virginica,251.5,loamy,6.7,3.33,4.63,1.94,22.311,8.982199999999999,2.012012012012012,2.38659793814433,1.4470842332613392,1.7164948453608249,2.0700000000000003,1.39,7.96,10.8,56.34,4.723452127416981,2.997031865029132,2.4839126271960104
virginica,161.4,loamy,6.18,2.52,4.88,1.85,15.5736,9.028,2.452380952380952,2.637837837837837,1.2663934426229508,1.362162162162162,1.2999999999999998,0.6699999999999999,11.09,11.29,63.39,3.9463400765772834,3.004663042672173,1.7250332299512623
virginica,283.5,sandy,5.16,2.19,5.07,2.02,11.3004,10.2414,2.356164383561644,2.50990099009901,1.0177514792899407,1.0841584158415842,0.0899999999999998,0.1699999999999999,13.31,12.88,76.57,3.361606758679545,3.2002187425237043,1.103403831507411
versicolor,284.6,sandy,5.35,2.5,4.3,1.31,13.375,5.633,2.14,3.282442748091603,1.244186046511628,1.9083969465648851,1.0499999999999998,1.19,8.42,17.15,57.83,3.657184709581948,2.373394193976213,2.3744008521214277
versicolor,117.1,sandy,6.87,2.17,4.09,1.28,14.9079,5.2352,3.165898617511521,3.1953125,1.6797066014669928,1.6953125,2.78,0.8899999999999999,9.33,13.55,54.51,3.8610749798469337,2.2880559433720147,2.847627597799511
setosa,295.4,loamy,4.95,3.12,1.6,0.22,15.444,0.352,1.5865384615384617,7.272727272727273,3.09375,14.181818181818182,3.35,2.9,5.06,18.05,47.61,3.929885494515076,0.593295878967653,43.875
versicolor,185.9,loamy,6.02,2.76,4.29,1.31,16.615199999999998,5.6199,2.181159420289855,3.2748091603053435,1.403263403263403,2.106870229007633,1.7299999999999995,1.4499999999999995,7.81,15.96,62.63,4.076174677316957,2.3706328269050863,2.956493887791597
setosa,141.7,loamy,5.48,2.54,1.66,0.22,13.919200000000002,0.3651999999999999,2.15748031496063,7.545454545454545,3.301204819277109,11.545454545454543,3.82,2.32,5.02,16.95,42.56,3.730844408441607,0.604317797189525,38.11391018619935
versicolor,72.3,loamy,6.57,2.29,4.78,1.0,15.0453,4.78,2.868995633187773,4.78,1.3744769874476988,2.29,1.79,1.29,7.95,13.02,60.08,3.8788271423202154,2.186321110907545,3.1475523012552302
virginica,180.1,loamy,7.0,3.16,5.48,1.99,22.12,10.9052,2.2151898734177213,2.753768844221106,1.2773722627737223,1.5879396984924623,1.5199999999999996,1.1700000000000002,13.98,9.02,61.15,4.703190406521939,3.302302227234812,2.0283901258115398
setosa,141.1,clay,5.35,3.82,1.69,0.16,20.437,0.2704,1.400523560209424,10.5625,3.165680473372781,23.875,3.66,3.66,5.71,15.51,45.79,4.520730029541689,0.52,75.58062130177515
virginica,210.5,loamy,7.81,3.45,5.25,1.61,26.9445,8.4525,2.2637681159420286,3.260869565217391,1.4876190476190476,2.142857142857143,2.56,1.84,11.8,8.45,74.02,5.19080918547388,2.9073183520213264,3.1877551020408164
setosa,218.4,clay,4.98,4.17,1.89,0.38,20.7666,0.7182,1.1942446043165469,4.973684210526315,2.6349206349206358,10.973684210526317,3.0900000000000007,3.79,5.64,22.56,49.65,4.557038512016329,0.847466813509532,28.91478696741855
setosa,278.1,clay,4.64,3.6,1.52,0.26,16.704,0.3952,1.2888888888888888,5.846153846153846,3.052631578947368,13.846153846153848,3.12,3.34,4.57,15.9,48.97,4.0870527278223365,0.6286493458200685,42.2672064777328
virginica,115.6,clay,7.27,3.44,5.71,1.69,25.0088,9.6499,2.113372093023256,3.378698224852071,1.2732049036777582,2.035502958579882,1.5599999999999996,1.75,12.5,11.4,77.2,5.000879922573626,3.106428817790615,2.59161234831449
versicolor,198.1,sandy,5.59,2.28,4.15,1.43,12.7452,5.9345,2.451754385964912,2.9020979020979025,1.3469879518072287,1.5944055944055944,1.4399999999999995,0.8499999999999999,8.12,16.17,69.32,3.570042016559469,2.43608292141298,2.147645125958378
setosa,280.0,loamy,4.84,4.07,1.9,0.4,19.6988,0.76,1.189189189189189,4.749999999999999,2.5473684210526315,10.175,2.94,3.67,6.07,19.29,41.52,4.438333020403044,0.8717797887081347,25.91947368421053
setosa,240.5,clay,4.9,3.68,1.8,0.33,18.032000000000004,0.5940000000000001,1.3315217391304348,5.454545454545454,2.7222222222222223,11.151515151515152,3.1000000000000005,3.35,5.66,19.74,59.5,4.246410248668869,0.7707139547199078,30.35690235690236
virginica,93.2,sandy,6.28,2.97,6.1,1.56,18.6516,9.516,2.114478114478114,3.9102564102564097,1.0295081967213116,1.903846153846154,0.1800000000000006,1.41,10.11,6.43,70.97,4.318749819102746,3.084801452281816,1.9600252206809583
setosa,287.7,sandy,5.44,3.18,1.46,0.23,17.299200000000003,0.3358,1.7106918238993711,6.3478260869565215,3.726027397260274,13.826086956521738,3.98,2.95,5.19,22.58,53.73,4.159230698097907,0.5794825277780168,51.51637879690293
virginica,278.1,loamy,6.07,3.2,4.64,2.05,19.424000000000003,9.512,1.896875,2.2634146341463417,1.308189655172414,1.5609756097560978,1.4300000000000006,1.1500000000000004,10.73,12.57,64.59,4.407266726668583,3.0841530441921976,2.0420521446593782
setosa,252.9,loamy,4.42,2.22,1.41,0.24,9.8124,0.3384,1.9909909909909909,5.875,3.1347517730496457,9.250000000000002,3.01,1.98,5.14,23.58,35.23,3.1324750597570605,0.5817215828899595,28.996453900709223
virginica,286.9,clay,5.64,3.03,5.7,2.13,17.089199999999998,12.141,1.8613861386138613,2.676056338028169,0.9894736842105264,1.4225352112676055,-0.0600000000000005,0.8999999999999999,10.71,10.26,63.99,4.133908562123744,3.484393777976307,1.407561156412157
setosa,127.9,clay,5.2,4.15,1.51,0.36,21.58,0.5436,1.2530120481927711,4.194444444444445,3.4437086092715234,11.52777777777778,3.69,3.790000000000001,5.49,19.85,47.3,4.645427859734774,0.7372923436466704,39.69830757910229
versicolor,68.9,loamy,5.76,3.02,4.0,1.12,17.3952,4.48,1.9072847682119205,3.571428571428571,1.44,2.696428571428571,1.7599999999999998,1.9,6.51,12.54,58.87,4.170755327275864,2.1166010488516727,3.882857142857142
setosa,291.4,clay,5.48,4.05,1.53,0.37,22.194,0.5661,1.3530864197530863,4.135135135135135,3.581699346405229,10.945945945945946,3.95,3.68,5.9,20.45,52.53,4.711050838188864,0.7523961722390672,39.205087440381554
setosa,245.7,loamy,4.93,3.76,1.42,0.34,18.5368,0.4828,1.3111702127659577,4.1764705882352935,3.471830985915493,11.058823529411764,3.51,3.42,5.94,24.44,58.92,4.305438421345729,0.6948381106416084,38.394366197183096
versicolor,297.3,sandy,5.9,2.21,4.04,0.97,13.039,3.9188,2.6696832579185523,4.164948453608248,1.4603960396039604,2.278350515463917,1.8600000000000003,1.24,7.76,14.25,65.05,3.610955552204984,1.979595918363139,3.3272940696131466
virginica,121.1,loamy,6.87,2.3,5.11,2.02,15.800999999999998,10.3222,2.9869565217391307,2.5297029702970297,1.344422700587084,1.1386138613861383,1.7599999999999998,0.2799999999999998,11.35,7.28,61.82,3.97504716953145,3.212818077638384,1.5307783224506402
virginica,128.6,sandy,6.66,2.91,6.63,2.02,19.3806,13.3926,2.288659793814433,3.282178217821782,1.004524886877828,1.4405940594059403,0.0300000000000002,0.8900000000000001,16.6,4.36,74.39,4.402340286711149,3.659590140985736,1.4471125845616235
versicolor,102.9,sandy,7.52,2.31,4.35,0.98,17.371199999999998,4.263,3.2554112554112558,4.438775510204081,1.728735632183908,2.357142857142857,3.17,1.33,7.88,18.21,60.64,4.167877157498767,2.064703368525368,4.07487684729064
versicolor,265.5,loamy,5.6,3.12,4.35,1.49,17.471999999999998,6.4815,1.7948717948717947,2.919463087248322,1.2873563218390804,2.093959731543624,1.25,1.63,6.59,17.03,65.53,4.179952152836202,2.5458790230488173,2.695672298079148
virginica,125.4,clay,7.49,3.06,7.68,2.17,22.9194,16.665599999999998,2.447712418300654,3.539170506912442,0.9752604166666669,1.4101382488479264,-0.1899999999999995,0.8900000000000001,13.85,6.99,77.12,4.787421017625252,4.082352263095383,1.3752520161290325
setosa,132.4,sandy,5.67,3.19,1.49,0.39,18.0873,0.5811000000000001,1.7774294670846396,3.82051282051282,3.8053691275167782,8.179487179487179,4.18,2.8,5.71,21.07,48.79,4.252916646255837,0.762299153875957,31.1259679917398
versicolor,290.4,sandy,6.25,1.7,4.04,0.97,10.625,3.9188,3.6764705882352944,4.164948453608248,1.547029702970297,1.7525773195876289,2.21,0.73,6.58,13.37,52.97,3.259601202601325,1.979595918363139,2.711289170154129
versicolor,187.6,clay,7.04,2.99,4.88,1.67,21.0496,8.1496,2.354515050167224,2.9221556886227544,1.4426229508196722,1.790419161676647,2.16,1.3200000000000005,5.78,16.06,65.16,4.587984306860694,2.8547504269200137,2.582899774222048
virginica,282.5,loamy,6.84,3.15,5.8,2.39,21.546,13.862,2.1714285714285717,2.426778242677824,1.179310344827586,1.3179916317991631,1.04,0.7599999999999998,15.92,8.34,67.77,4.641766904961946,3.7231706917626,1.554321165776944
versicolor,186.3,loamy,6.15,2.91,3.62,1.0,17.896500000000003,3.62,2.11340206185567,3.62,1.6988950276243096,2.91,2.53,1.91,8.23,11.19,62.82,4.230425510513098,1.9026297590440449,4.943784530386741
versicolor,227.2,loamy,6.16,2.53,5.02,1.02,15.5848,5.1204,2.4347826086956523,4.92156862745098,1.2270916334661357,2.4803921568627447,1.1400000000000006,1.5099999999999998,6.45,14.52,68.52,3.9477588578838,2.262830086418333,3.0436684634012967
virginica,278.6,sandy,6.01,2.33,4.83,1.9,14.0033,9.177,2.579399141630901,2.542105263157895,1.2443064182194616,1.2263157894736842,1.1799999999999995,0.4300000000000001,11.86,11.13,72.91,3.742098341839776,3.029356367283321,1.5259126076059717
virginica,198.1,clay,6.69,3.01,4.6,1.72,20.1369,7.911999999999999,2.2225913621262463,2.6744186046511627,1.454347826086957,1.75,2.0900000000000007,1.2899999999999998,8.99,10.52,75.79,4.487415737370452,2.812827758679866,2.5451086956521745
versicolor,158.7,clay,5.34,3.02,4.33,1.46,16.1268,6.3218,1.7682119205298013,2.9657534246575343,1.233256351039261,2.068493150684932,1.0099999999999998,1.56,5.01,17.61,63.68,4.015818721008208,2.514318993286253,2.550982315163403
versicolor,72.4,loamy,6.27,3.11,4.58,1.31,19.4997,5.9998000000000005,2.0160771704180065,3.49618320610687,1.3689956331877728,2.374045801526717,1.6899999999999995,1.7999999999999998,7.56,13.16,60.99,4.41584646472225,2.44944891761392,3.250058335277842
virginica,222.3,loamy,6.0,3.08,5.88,2.37,18.48,13.9356,1.948051948051948,2.481012658227848,1.020408163265306,1.29957805907173,0.1200000000000001,0.71,17.05,9.55,68.46,4.298837052040936,3.7330416552725474,1.3261000602772754
versicolor,276.7,clay,6.49,2.77,3.9,1.65,17.9773,6.435,2.342960288808664,2.363636363636364,1.6641025641025642,1.678787878787879,2.5900000000000003,1.12,8.59,14.44,44.7,4.239964622493919,2.536730178793164,2.793675213675214
versicolor,89.9,loamy,6.83,3.22,5.42,1.33,21.992600000000003,7.208600000000001,2.12111801242236,4.075187969924812,1.260147601476015,2.421052631578948,1.41,1.89,8.1,17.68,60.4,4.68962685082726,2.684883610140298,3.0508836667314045
versicolor,130.1,clay,6.16,3.7,4.85,1.6,22.792,7.76,1.6648648648648647,3.03125,1.2701030927835053,2.3125,1.3100000000000005,2.1,7.89,12.35,63.38,4.774096773212709,2.785677655436824,2.937113402061856
versicolor,180.8,loamy,5.11,2.98,4.65,1.14,15.2278,5.301,1.714765100671141,4.078947368421053,1.0989247311827957,2.6140350877192984,0.4599999999999999,1.84,9.95,12.95,62.07,3.902281384011153,2.302390062521987,2.8726278060743256
virginica,81.6,clay,7.93,3.36,6.66,2.14,26.6448,14.252400000000002,2.3601190476190474,3.1121495327102804,1.190690690690691,1.5700934579439252,1.2699999999999996,1.2199999999999998,11.86,7.89,80.75,5.161860129836917,3.7752350920174496,1.8694956638881868
versicolor,78.3,loamy,6.57,3.23,4.16,1.38,21.2211,5.7408,2.0340557275541795,3.014492753623189,1.5793269230769231,2.340579710144928,2.41,1.85,8.43,12.5,59.53,4.606636517026279,2.39599666109951,3.696540551839465
versicolor,219.0,loamy,5.38,2.8,4.36,1.22,15.063999999999998,5.3192,1.9214285714285717,3.573770491803279,1.2339449541284402,2.295081967213114,1.0199999999999996,1.5799999999999998,8.54,11.3,53.04,3.881236916242037,2.30633909042014,2.832004812753797
virginica,201.3,loamy,6.35,3.25,6.28,2.07,20.6375,12.9996,1.9538461538461536,3.033816425120773,1.0111464968152866,1.570048309178744,0.0699999999999994,1.1800000000000002,13.26,10.12,85.24,4.542851527399943,3.605495805017668,1.5875488476568511
versicolor,88.7,clay,7.0,3.06,4.86,1.6,21.42,7.776000000000001,2.287581699346405,3.0375,1.4403292181069958,1.9125,2.14,1.46,9.51,15.56,67.76,4.628174586162454,2.7885480092693404,2.7546296296296298
setosa,181.8,loamy,4.16,3.13,1.36,0.24,13.0208,0.3264,1.3290734824281152,5.666666666666667,3.0588235294117645,13.041666666666666,2.8,2.89,5.34,18.41,48.85,3.608434563630051,0.5713142742834281,39.8921568627451
virginica,52.3,loamy,8.1,2.45,5.96,1.74,19.845,10.3704,3.3061224489795915,3.425287356321839,1.3590604026845636,1.4080459770114944,2.14,0.7100000000000002,8.96,12.76,74.76,4.4547727214752495,3.220310544031429,1.9136195325156211
versicolor,273.7,clay,5.24,3.13,3.42,1.35,16.4012,4.617,1.674121405750799,2.533333333333333,1.5321637426900585,2.3185185185185184,1.8200000000000005,1.7799999999999998,7.0,15.81,58.24,4.04983950299268,2.148720549536398,3.5523500108295427
versicolor,293.8,clay,4.92,3.14,3.43,1.57,15.4488,5.3851,1.5668789808917196,2.1847133757961785,1.434402332361516,2.0,1.4899999999999998,1.57,8.63,15.53,60.86,3.930496151887189,2.320581823595109,2.868804664723032
virginica,61.7,loamy,4.88,3.63,5.65,1.9,17.714399999999998,10.735,1.3443526170798898,2.973684210526316,0.8637168141592919,1.9105263157894736,-0.7700000000000005,1.73,13.06,12.87,63.68,4.208847823335978,3.2764309850811757,1.6501537028411737
virginica,200.4,loamy,6.68,3.34,5.86,1.94,22.3112,11.3684,2.0,3.0206185567010317,1.1399317406143343,1.7216494845360824,0.8199999999999994,1.4,11.07,6.86,77.92,4.723473298326137,3.371705799739948,1.962562893634988
virginica,223.1,clay,7.07,3.2,5.28,1.9,22.624,10.032,2.209375,2.778947368421053,1.3390151515151516,1.6842105263157896,1.79,1.3000000000000005,10.68,10.56,71.13,4.75646927878232,3.1673332631726647,2.25518341307815
setosa,266.9,sandy,5.45,2.77,1.45,0.32,15.0965,0.4639999999999999,1.967509025270758,4.53125,3.7586206896551726,8.65625,4.0,2.45,4.89,16.69,50.2,3.885421470059587,0.681175454637056,32.53556034482759
setosa,211.9,sandy,5.15,2.51,1.33,0.2,12.9265,0.266,2.05179282868526,6.65,3.87218045112782,12.55,3.82,2.31,5.63,15.7,46.85,3.5953442116159056,0.5157518783291051,48.595864661654126
versicolor,264.0,loamy,6.4,2.84,3.4,1.12,18.176,3.808,2.2535211267605635,3.035714285714285,1.8823529411764708,2.535714285714285,3.0000000000000004,1.7199999999999998,7.6,13.19,63.34,4.263332030231752,1.951409746824075,4.773109243697478
virginica,238.2,loamy,6.21,2.93,4.88,1.1,18.1953,5.368,2.1194539249146755,4.436363636363636,1.272540983606557,2.663636363636364,1.33,1.83,9.19,8.83,64.66,4.265594917476342,2.3168944732119328,3.3895864381520115
setosa,79.3,clay,4.81,2.62,1.46,0.36,12.6022,0.5256,1.8358778625954195,4.055555555555555,3.294520547945205,7.277777777777779,3.35,2.26,5.25,18.8,51.27,3.549957746227411,0.7249827584156743,23.976788432267885
versicolor,154.1,loamy,6.65,2.77,3.4,1.3,18.4205,4.42,2.4007220216606497,2.6153846153846154,1.9558823529411768,2.1307692307692307,3.2500000000000004,1.47,7.5,15.7,43.11,4.291910996281261,2.102379604162864,4.167533936651584
virginica,175.4,sandy,7.09,2.76,5.1,1.55,19.5684,7.904999999999999,2.568840579710145,3.290322580645161,1.3901960784313727,1.7806451612903225,1.99,1.2099999999999995,14.35,10.05,63.53,4.423618428390948,2.8115831839019094,2.475445920303605
virginica,270.4,sandy,7.54,2.49,6.37,1.42,18.774600000000003,9.0454,3.0281124497991967,4.485915492957747,1.183673469387755,1.7535211267605637,1.17,1.0700000000000005,12.82,9.63,78.21,4.3329666511525335,3.007557148251717,2.075596435757402
versicolor,256.9,loamy,5.84,2.37,4.67,1.25,13.8408,5.8375,2.464135021097046,3.736,1.2505353319057817,1.896,1.17,1.12,8.0,15.02,51.6,3.720322566660047,2.416091885669914,2.3710149892933616
versicolor,219.3,clay,5.38,2.73,3.64,1.14,14.6874,4.1496,1.9706959706959704,3.1929824561403515,1.478021978021978,2.3947368421052637,1.7399999999999998,1.59,6.07,14.63,52.23,3.8324143826053048,2.037056700241797,3.539473684210527
virginica,246.0,loamy,7.13,2.54,4.85,1.73,18.1102,8.3905,2.807086614173228,2.803468208092485,1.4701030927835053,1.4682080924855492,2.28,0.81,10.48,9.72,79.35,4.25560806466009,2.8966359798911565,2.1584172576127765
versicolor,249.9,clay,5.58,3.01,4.22,1.25,16.7958,5.275,1.853820598006645,3.376,1.3222748815165877,2.408,1.3600000000000003,1.7599999999999998,8.08,13.5,57.62,4.098267926819817,2.2967368155711703,3.1840379146919435
versicolor,121.3,loamy,7.36,2.6,4.64,1.05,19.136000000000003,4.872,2.830769230769231,4.419047619047618,1.5862068965517244,2.4761904761904763,2.7200000000000006,1.55,7.02,14.03,58.92,4.374471396637541,2.207260745811423,3.927750410509032
setosa,99.4,clay,5.72,3.68,1.19,0.5,21.0496,0.595,1.5543478260869563,2.38,4.80672268907563,7.36,4.529999999999999,3.18,3.64,22.62,60.27,4.587984306860694,0.7713624310270756,35.37747899159665
virginica,285.8,loamy,5.97,3.19,4.18,1.71,19.0443,7.147799999999999,1.8714733542319748,2.444444444444444,1.4282296650717703,1.865497076023392,1.79,1.48,9.59,10.37,64.47,4.363977543480259,2.6735369830993547,2.664358264081256
versicolor,287.6,clay,5.68,3.49,5.2,1.71,19.8232,8.892,1.627507163323782,3.04093567251462,1.0923076923076922,2.04093567251462,0.4799999999999995,1.7800000000000002,9.07,15.37,61.07,4.452325235200142,2.9819456735494025,2.2293297345928926
versicolor,234.9,sandy,5.11,2.1,4.4,1.22,10.731000000000002,5.368,2.4333333333333336,3.606557377049181,1.1613636363636364,1.7213114754098362,0.71,0.8800000000000001,7.12,18.28,66.5,3.2758205079033256,2.3168944732119328,1.9990685543964235
virginica,76.0,loamy,6.64,3.12,5.22,2.04,20.7168,10.6488,2.128205128205128,2.5588235294117645,1.2720306513409962,1.5294117647058825,1.42,1.08,10.55,9.95,80.77,4.551571157303816,3.263249913812915,1.945458643227406
virginica,266.7,clay,7.55,3.42,4.84,2.45,25.821,11.858,2.2076023391812867,1.9755102040816324,1.5599173553719008,1.3959183673469386,2.71,0.9699999999999998,14.44,9.75,62.74,5.081436804684281,3.4435446853496763,2.1775172879068982
virginica,102.1,clay,6.91,3.25,7.84,2.95,22.4575,23.128,2.126153846153846,2.657627118644068,0.8813775510204082,1.1016949152542372,-0.9299999999999996,0.2999999999999998,13.04,10.51,80.69,4.738934479395131,4.809157930448947,0.9710091663784156
versicolor,208.5,loamy,6.4,3.24,4.01,1.07,20.736000000000004,4.2907,1.9753086419753083,3.747663551401869,1.5960099750623442,3.02803738317757,2.390000000000001,2.17,7.43,13.29,56.87,4.553679830642467,2.0714004924205267,4.83277786841308
setosa,256.7,loamy,4.95,3.27,1.69,0.23,16.186500000000002,0.3887,1.5137614678899085,7.3478260869565215,2.9289940828402368,14.217391304347826,3.26,3.04,4.66,16.64,53.59,4.023244958985222,0.6234580980306536,41.64265500385903
setosa,243.2,sandy,5.29,2.68,1.49,0.26,14.1772,0.3874,1.9738805970149251,5.730769230769231,3.5503355704697985,10.307692307692308,3.8,2.42,5.59,16.73,59.0,3.765262275061327,0.6224146527838175,36.59576664945792
virginica,165.2,loamy,6.82,2.12,5.25,1.77,14.4584,9.2925,3.2169811320754715,2.9661016949152543,1.299047619047619,1.1977401129943503,1.5700000000000005,0.3500000000000001,9.83,10.92,80.58,3.802420281873113,3.0483602149352365,1.5559214420231369
setosa,63.0,sandy,5.74,2.73,1.54,0.32,15.6702,0.4928,2.102564102564102,4.8125,3.727272727272728,8.53125,4.2,2.41,5.24,16.02,56.83,3.958560344367634,0.7019971509913697,31.798295454545457
virginica,60.9,loamy,7.39,2.79,5.08,2.28,20.6181,11.5824,2.6487455197132617,2.2280701754385968,1.4547244094488188,1.223684210526316,2.31,0.5100000000000002,11.34,10.83,71.28,4.540715802602052,3.403292523424926,1.7801232905097388
setosa,140.4,loamy,5.3,3.17,1.92,0.2,16.801,0.384,1.6719242902208202,9.6,2.7604166666666665,15.85,3.38,2.97,5.3,15.18,54.09,4.098902292077722,0.6196773353931867,43.75260416666666
setosa,60.3,clay,5.21,3.52,1.55,0.15,18.3392,0.2324999999999999,1.4801136363636362,10.333333333333334,3.361290322580645,23.46666666666667,3.66,3.37,5.78,17.69,44.81,4.28242921716168,0.4821825380496477,78.87827956989248
setosa,175.9,loamy,5.46,3.68,1.23,0.21,20.0928,0.2583,1.4836956521739129,5.857142857142858,4.439024390243903,17.523809523809526,4.23,3.47,4.81,23.59,49.85,4.4824993028443405,0.5082322303829224,77.78861788617887
versicolor,105.4,clay,7.24,2.94,4.36,1.18,21.2856,5.1448,2.462585034013605,3.694915254237289,1.6605504587155964,2.4915254237288136,2.88,1.76,7.46,12.83,65.28,4.613631974919542,2.2682151573428837,4.137303685274452
setosa,256.0,loamy,4.94,3.59,1.58,0.25,17.7346,0.395,1.3760445682451254,6.32,3.126582278481013,14.36,3.3600000000000003,3.34,4.53,18.72,52.84,4.211246846243996,0.6284902544988268,44.89772151898734
versicolor,111.6,clay,6.17,2.91,3.97,1.75,17.9547,6.947500000000001,2.120274914089347,2.2685714285714287,1.5541561712846346,1.662857142857143,2.2,1.16,8.65,16.31,58.91,4.237298667783521,2.6358110706194404,2.584339690536164
virginica,264.9,sandy,6.47,2.1,5.24,1.91,13.587,10.0084,3.0809523809523807,2.743455497382199,1.234732824427481,1.099476439790576,1.2299999999999995,0.1900000000000001,15.12,16.37,70.68,3.686054801545956,3.1636055379898425,1.357559649894089
versicolor,72.4,sandy,6.99,2.35,4.11,1.09,16.4265,4.479900000000001,2.974468085106383,3.770642201834862,1.700729927007299,2.1559633027522933,2.88,1.26,7.44,13.23,58.31,4.052961879909556,2.1165774259402848,3.666711310520324
versicolor,183.4,clay,5.13,2.29,4.06,1.52,11.7477,6.1712,2.2401746724890828,2.671052631578947,1.2635467980295567,1.506578947368421,1.0700000000000005,0.77,6.9,16.66,56.65,3.4274917943009,2.484190008835878,1.9036330049261083
setosa,245.8,loamy,5.06,3.81,1.81,0.22,19.2786,0.3982,1.328083989501312,8.227272727272727,2.7955801104972373,17.318181818181817,3.25,3.59,4.96,16.34,52.99,4.390740256494341,0.63103090257134,48.41436464088397
setosa,101.2,clay,5.4,4.1,1.34,0.29,22.14,0.3886,1.3170731707317076,4.620689655172415,4.029850746268656,14.137931034482758,4.0600000000000005,3.81,4.41,21.61,50.4,4.705316142407437,0.623377895020348,56.97375193000515
virginica,283.4,loamy,6.42,2.75,5.23,2.5,17.655,13.075,2.3345454545454545,2.092,1.2275334608030593,1.1,1.1899999999999995,0.25,13.89,8.75,68.77,4.201785334830898,3.615936946352909,1.350286806883365
versicolor,69.6,loamy,6.6,1.9,4.55,1.64,12.54,7.461999999999999,3.473684210526316,2.774390243902439,1.4505494505494505,1.1585365853658536,2.05,0.26,9.49,17.38,61.72,3.5411862419251547,2.7316661582265134,1.6805146073438757
setosa,136.8,clay,4.86,4.7,1.88,0.37,22.842,0.6956,1.0340425531914894,5.081081081081081,2.5851063829787235,12.702702702702704,2.9800000000000004,4.33,5.09,18.11,46.08,4.779330497046631,0.8340263784797217,32.83783783783784
setosa,74.3,sandy,4.88,2.43,1.47,0.11,11.8584,0.1617,2.008230452674897,13.363636363636363,3.3197278911564627,22.090909090909093,3.41,2.3200000000000003,4.77,17.73,47.02,3.4436027645476184,0.402119385257662,73.33580705009277
versicolor,71.4,loamy,7.19,2.42,4.24,1.08,17.3998,4.5792,2.9710743801652897,3.925925925925926,1.695754716981132,2.2407407407407405,2.95,1.34,8.31,12.9,57.16,4.171306749688879,2.139906540015241,3.7997466806429063
setosa,137.5,loamy,5.35,3.48,1.34,0.26,18.618,0.3484,1.5373563218390804,5.153846153846154,3.9925373134328352,13.384615384615383,4.01,3.22,4.45,22.28,49.19,4.31485805096761,0.5902541825349483,53.438576349024096
versicolor,70.7,clay,6.04,3.19,3.81,0.99,19.2676,3.7719,1.8934169278996864,3.8484848484848486,1.5853018372703411,3.2222222222222223,2.23,2.2,6.8,14.08,55.83,4.389487441604087,1.9421379971567416,5.10819480898221
virginica,179.6,loamy,6.11,3.2,4.65,1.51,19.552000000000003,7.0215000000000005,1.909375,3.079470198675497,1.313978494623656,2.119205298013245,1.46,1.6900000000000002,11.69,7.47,74.17,4.421764353739354,2.6498113140372843,2.78459018728192
virginica,225.7,clay,6.75,3.49,6.36,1.61,23.5575,10.2396,1.9340974212034383,3.950310559006211,1.0613207547169812,2.1677018633540373,0.3899999999999997,1.88,11.48,5.67,71.72,4.853606906209031,3.199937499389637,2.300626977616313
setosa,278.9,sandy,4.52,2.33,1.18,0.28,10.5316,0.3304,1.9399141630901284,4.2142857142857135,3.830508474576271,8.321428571428571,3.34,2.05,4.97,23.33,52.84,3.245242671973854,0.5748043145279966,31.87530266343825
versicolor,181.7,clay,5.96,3.03,3.63,1.3,18.0588,4.719,1.966996699669967,2.792307692307692,1.6418732782369143,2.3307692307692305,2.33,1.7299999999999998,7.69,18.71,53.54,4.249564683588191,2.172325942394465,3.826827717736808
setosa,59.9,sandy,5.58,2.35,1.52,0.32,13.113,0.4864,2.374468085106383,4.75,3.6710526315789473,7.34375,4.0600000000000005,2.03,4.48,21.15,46.62,3.621187650481538,0.6974238309665077,26.959292763157897
virginica,258.9,loamy,6.56,3.02,4.35,1.58,19.8112,6.872999999999999,2.172185430463576,2.753164556962025,1.5080459770114942,1.9113924050632911,2.21,1.44,8.14,9.95,66.58,4.450977420747043,2.621640707648552,2.882467626946021
versicolor,112.6,clay,6.08,2.83,4.25,1.39,17.206400000000002,5.9075,2.148409893992933,3.0575539568345325,1.4305882352941175,2.035971223021583,1.83,1.4400000000000002,7.08,16.45,53.68,4.148059787418692,2.4305349205473266,2.912636479052053
virginica,274.1,loamy,5.98,3.53,5.28,2.05,21.1094,10.824,1.6940509915014166,2.575609756097561,1.1325757575757576,1.721951219512195,0.7000000000000002,1.48,10.38,11.02,83.95,4.59449670801928,3.2899848023965097,1.950240206947524
setosa,227.4,loamy,5.39,3.72,1.19,0.24,20.0508,0.2855999999999999,1.4489247311827955,4.958333333333333,4.529411764705882,15.500000000000002,4.199999999999999,3.4800000000000004,4.7,18.99,48.47,4.477811965681453,0.5344155686354954,70.20588235294117
virginica,95.7,clay,9.12,2.93,6.37,2.63,26.7216,16.7531,3.1126279863481225,2.4220532319391634,1.43171114599686,1.1140684410646389,2.749999999999999,0.3000000000000002,9.75,11.88,76.03,5.169293955657774,4.093055093692241,1.5950242044755896
setosa,190.7,clay,4.96,3.45,1.49,0.26,17.112000000000002,0.3874,1.4376811594202898,5.730769230769231,3.3288590604026846,13.26923076923077,3.47,3.1900000000000004,5.15,15.65,49.49,4.136665323663494,0.6224146527838175,44.17139907072793
setosa,73.7,clay,4.21,3.6,1.46,0.25,15.156,0.365,1.1694444444444445,5.84,2.8835616438356166,14.4,2.75,3.35,4.6,19.73,42.36,3.893070767402,0.6041522986797286,41.52328767123288
versicolor,129.1,clay,6.31,3.47,4.38,1.53,21.8957,6.7014,1.8184438040345816,2.862745098039216,1.4406392694063923,2.2679738562091503,1.93,1.94,7.65,14.05,61.57,4.6792841332836375,2.588706240576555,3.2673321992419497
versicolor,170.6,sandy,5.94,2.89,3.89,0.91,17.166600000000003,3.5399000000000003,2.055363321799308,4.274725274725275,1.5269922879177378,3.175824175824176,2.0500000000000003,1.98,6.88,14.46,60.24,4.14325958636434,1.881462197334828,4.849459024266222
versicolor,175.8,clay,5.78,2.82,4.62,1.31,16.299599999999998,6.0522,2.049645390070922,3.5267175572519083,1.251082251082251,2.15267175572519,1.16,1.5099999999999998,8.42,16.05,55.81,4.037276309592891,2.460121948196877,2.693169425993853
virginica,248.7,clay,6.65,3.04,4.85,2.2,20.216,10.67,2.1875,2.204545454545454,1.371134020618557,1.3818181818181816,1.8000000000000007,0.8399999999999999,9.16,10.07,65.76,4.496220635155709,3.266496594212215,1.894657919400188
versicolor,152.6,clay,6.49,2.69,4.38,1.39,17.4581,6.0882,2.412639405204461,3.1510791366906474,1.4817351598173516,1.9352517985611517,2.1100000000000003,1.3,6.7,9.84,56.33,4.178289123552845,2.467427810494159,2.8675306330278247
virginica,100.3,sandy,7.47,2.56,6.56,1.68,19.1232,11.0208,2.91796875,3.9047619047619047,1.138719512195122,1.523809523809524,0.91,0.8800000000000001,12.77,11.12,61.89,4.373008117989263,3.3197590273994284,1.7351916376306622
virginica,66.7,sandy,7.79,2.81,4.56,1.4,21.8899,6.384,2.772241992882562,3.257142857142857,1.7083333333333337,2.007142857142857,3.2300000000000004,1.41,9.21,11.86,67.89,4.678664339317366,2.526657871576601,3.428869047619048
virginica,107.0,clay,6.65,2.54,6.08,1.75,16.891000000000002,10.64,2.6181102362204727,3.474285714285714,1.09375,1.4514285714285715,0.5700000000000003,0.79,14.22,11.39,67.97,4.109866177870029,3.2619012860600183,1.5875
setosa,192.2,clay,5.67,3.62,1.38,0.45,20.5254,0.621,1.5662983425414363,3.0666666666666664,4.108695652173913,8.044444444444444,4.29,3.17,5.05,19.75,48.76,4.530496661515159,0.7880355321938218,33.05217391304348
setosa,117.4,clay,5.46,3.15,1.29,0.3,17.198999999999998,0.387,1.7333333333333334,4.300000000000001,4.232558139534883,10.5,4.17,2.85,4.86,24.01,42.15,4.147167708207615,0.6220932405998316,44.44186046511627
versicolor,131.8,clay,7.16,3.47,4.23,1.66,24.8452,7.021800000000001,2.063400576368876,2.548192771084338,1.6926713947990542,2.0903614457831328,2.93,1.8100000000000005,8.91,15.0,53.58,4.984495962482065,2.6498679212368303,3.5382950240679025
versicolor,97.8,loamy,6.93,3.62,4.79,1.44,25.0866,6.8976,1.9143646408839776,3.326388888888889,1.4467640918580376,2.513888888888889,2.14,2.18,8.84,15.65,64.02,5.008652513401184,2.6263282353887147,3.6370041753653446
virginica,50.1,clay,7.18,3.78,5.13,2.42,27.1404,12.4146,1.8994708994708995,2.1198347107438016,1.3996101364522415,1.56198347107438,2.05,1.36,11.34,10.8,78.81,5.209644901526398,3.523435823170333,2.186167899086559
setosa,206.5,loamy,4.99,3.45,1.61,0.27,17.215500000000002,0.4347,1.4463768115942028,5.962962962962963,3.0993788819875774,12.777777777777777,3.38,3.18,4.87,19.67,53.05,4.149156540792357,0.6593178292750773,39.60317460317461
virginica,257.0,clay,7.02,3.5,6.02,2.07,24.57,12.461399999999998,2.005714285714286,2.908212560386473,1.1661129568106312,1.6908212560386475,1.0,1.4300000000000002,12.48,9.53,54.62,4.956813492557492,3.530070820819321,1.9716885743174928
versicolor,116.9,loamy,4.93,2.78,4.79,1.16,13.705399999999996,5.5564,1.7733812949640289,4.129310344827586,1.0292275574112737,2.396551724137931,0.1399999999999996,1.62,7.64,13.96,65.41,3.70208049615348,2.357201730866495,2.4665970772442583
versicolor,207.0,clay,5.2,3.32,3.82,1.49,17.264,5.6918,1.566265060240964,2.563758389261745,1.361256544502618,2.228187919463087,1.3800000000000003,1.83,7.62,14.69,54.39,4.154996991575325,2.3857493581682045,3.0331353877508
setosa,177.4,clay,4.57,4.29,1.35,0.4,19.6053,0.54,1.0652680652680653,3.375,3.3851851851851853,10.725,3.22,3.89,4.89,21.33,36.97,4.427787257762053,0.7348469228349535,36.30611111111111
setosa,190.9,loamy,5.23,3.78,1.38,0.33,19.7694,0.4553999999999999,1.3835978835978835,4.181818181818182,3.789855072463769,11.454545454545451,3.850000000000001,3.45,5.17,19.41,44.56,4.446279343451106,0.6748333127521196,43.4110671936759
setosa,119.5,clay,5.45,3.3,1.67,0.32,17.985,0.5344,1.6515151515151516,5.21875,3.263473053892216,10.3125,3.78,2.98,4.92,19.48,48.96,4.240872551728005,0.7310266752998826,33.654565868263475
versicolor,213.9,clay,5.62,3.04,3.9,1.55,17.0848,6.045,1.848684210526316,2.5161290322580645,1.441025641025641,1.961290322580645,1.7200000000000002,1.49,8.41,17.06,67.47,4.133376343862243,2.458658170628849,2.8262696443341606
setosa,67.6,sandy,5.2,2.72,1.78,0.36,14.144000000000002,0.6408,1.9117647058823528,4.944444444444445,2.9213483146067416,7.555555555555556,3.42,2.3600000000000003,5.65,19.96,51.75,3.760850967533811,0.80049984384758,22.072409488139822
setosa,91.7,loamy,5.16,3.93,1.5,0.28,20.2788,0.42,1.3129770992366412,5.357142857142857,3.44,14.035714285714285,3.66,3.65,5.23,17.68,46.48,4.50319886303059,0.6480740698407861,48.28285714285714
virginica,283.6,loamy,5.34,2.57,4.71,1.55,13.7238,7.3005,2.077821011673152,3.0387096774193547,1.1337579617834397,1.6580645161290322,0.6299999999999999,1.0199999999999998,11.8,11.57,71.83,3.704564751762344,2.701943744788185,1.8798438463118965
setosa,138.1,clay,5.77,3.45,1.45,0.33,19.9065,0.4785,1.6724637681159418,4.393939393939394,3.979310344827586,10.454545454545457,4.319999999999999,3.12,4.82,21.37,40.8,4.461670090896457,0.6917369442208504,41.60188087774295
versicolor,134.3,loamy,5.65,2.78,5.15,1.21,15.707,6.2315000000000005,2.0323741007194247,4.256198347107438,1.0970873786407769,2.2975206611570247,0.5,1.5699999999999998,8.07,14.7,68.24,3.963205773108432,2.496297257940248,2.5205809195217843
virginica,134.6,loamy,6.99,3.01,6.41,1.15,21.0399,7.371499999999999,2.322259136212625,5.573913043478261,1.0904836193447738,2.617391304347826,0.5800000000000001,1.86,10.32,6.53,81.13,4.586927075940928,2.715050644094876,2.854222342806756
virginica,294.5,loamy,6.47,2.77,6.28,2.26,17.9219,14.1928,2.335740072202166,2.778761061946903,1.0302547770700636,1.2256637168141593,0.1899999999999995,0.5100000000000002,15.42,9.97,65.61,4.233426508160972,3.767333274346723,1.2627458993292373
versicolor,173.6,loamy,5.72,3.18,4.03,1.37,18.1896,5.521100000000001,1.7987421383647797,2.9416058394160585,1.4193548387096773,2.321167883211679,1.6899999999999995,1.81,7.79,12.73,43.92,4.264926728561699,2.349702108778898,3.294560866493996
virginica,263.3,loamy,7.42,2.75,5.07,1.82,20.405,9.2274,2.6981818181818182,2.7857142857142856,1.4635108481262329,1.510989010989011,2.35,0.93,11.27,13.56,72.52,4.5171893916460935,3.03766357584246,2.211348808981945
versicolor,293.8,clay,6.02,2.66,3.13,1.34,16.0132,4.1942,2.263157894736842,2.335820895522388,1.9233226837060704,1.985074626865672,2.89,1.32,8.07,12.32,64.13,4.001649659827807,2.0479746092176048,3.8179390587001096
virginica,162.2,loamy,6.34,2.84,6.15,2.22,18.005599999999998,13.653000000000002,2.232394366197183,2.77027027027027,1.0308943089430893,1.279279279279279,0.1899999999999995,0.6199999999999997,13.44,10.58,72.82,4.243300602125661,3.694996617048519,1.3188017285578255
setosa,209.6,sandy,4.63,3.14,1.63,0.32,14.5382,0.5216,1.4745222929936306,5.09375,2.8404907975460123,9.8125,3.0,2.8200000000000003,5.67,20.5,53.5,3.812899159432361,0.7222188034107115,27.87231595092025
virginica,79.9,loamy,8.14,2.73,5.51,2.08,22.2222,11.4608,2.9816849816849818,2.649038461538461,1.4773139745916517,1.3125,2.630000000000001,0.6499999999999999,12.74,14.77,76.41,4.714042850887124,3.385380333138361,1.9389745916515424
versicolor,63.7,loamy,6.15,2.87,4.9,0.99,17.6505,4.851,2.142857142857143,4.94949494949495,1.2551020408163265,2.8989898989898992,1.25,1.88,9.03,12.83,67.37,4.201249814043435,2.202498581157318,3.6385281385281383
versicolor,163.5,clay,5.59,3.11,3.84,1.32,17.3849,5.0688,1.797427652733119,2.9090909090909087,1.4557291666666667,2.356060606060606,1.75,1.7899999999999998,7.9,15.99,54.06,4.169520356108122,2.2513995647152463,3.429786142676767
virginica,207.3,sandy,6.95,2.23,6.09,1.54,15.4985,9.3786,3.116591928251121,3.954545454545454,1.1412151067323482,1.448051948051948,0.8600000000000003,0.69,9.83,12.55,84.31,3.936813432206306,3.06244999959183,1.6525387584500884
versicolor,240.3,clay,6.22,3.08,4.39,1.97,19.1576,8.648299999999999,2.019480519480519,2.228426395939086,1.416856492027335,1.5634517766497462,1.83,1.11,10.43,14.68,66.52,4.37693957006491,2.9407992110989145,2.215186799717864
virginica,129.3,loamy,7.08,3.4,4.71,2.25,24.072,10.5975,2.0823529411764707,2.0933333333333333,1.5031847133757965,1.511111111111111,2.37,1.15,12.04,8.89,66.89,4.906322451694344,3.2553801621316056,2.2714791224345365
versicolor,103.4,sandy,7.08,2.58,4.27,1.62,18.2664,6.9174,2.744186046511628,2.635802469135802,1.6580796252927403,1.5925925925925926,2.8100000000000005,0.96,10.58,10.74,55.82,4.27392091644195,2.6300950553164424,2.6406453291699195
setosa,184.5,clay,5.41,3.9,1.65,0.32,21.099,0.528,1.3871794871794874,5.15625,3.2787878787878797,12.1875,3.76,3.58,4.68,20.66,59.72,4.593364779766572,0.726636084983398,39.96022727272727
setosa,230.7,sandy,5.18,2.96,1.26,0.22,15.3328,0.2772,1.75,5.727272727272728,4.111111111111111,13.454545454545457,3.92,2.74,5.09,22.32,43.68,3.915711940375594,0.5264978632435273,55.31313131313131
versicolor,201.7,clay,5.9,2.98,3.78,1.5,17.582,5.67,1.979865771812081,2.52,1.560846560846561,1.9866666666666664,2.120000000000001,1.48,8.9,16.1,62.7,4.1930895530622765,2.3811761799581315,3.100881834215168
setosa,185.1,clay,5.08,3.29,1.55,0.17,16.7132,0.2635,1.5440729483282676,9.117647058823527,3.2774193548387096,19.352941176470587,3.53,3.12,4.16,20.07,43.96,4.088178078313126,0.5133225107084239,63.427703984819736
virginica,259.0,sandy,6.44,2.57,5.32,1.76,16.5508,9.3632,2.505836575875487,3.022727272727273,1.2105263157894737,1.4602272727272727,1.12,0.8099999999999998,13.01,7.78,66.46,4.068267444502635,3.0599346398248444,1.767643540669856
setosa,63.8,clay,5.81,3.57,1.61,0.49,20.7417,0.7889,1.6274509803921569,3.285714285714286,3.6086956521739126,7.285714285714286,4.199999999999999,3.08,5.46,19.16,47.38,4.554305655091674,0.8882004278314665,26.291925465838503
virginica,282.9,clay,7.28,3.48,4.56,2.28,25.3344,10.3968,2.0919540229885056,2.0,1.5964912280701755,1.5263157894736843,2.7200000000000006,1.2000000000000002,10.02,11.26,59.93,5.033328918320359,3.2244069222106564,2.436749769159742
setosa,115.6,sandy,5.78,2.89,1.31,0.17,16.7042,0.2227,2.0,7.705882352941177,4.412213740458015,17.0,4.470000000000001,2.72,5.21,21.52,48.87,4.087077195258245,0.4719110085598767,75.00763358778624
versicolor,67.9,clay,6.35,2.92,4.88,1.49,18.542,7.271199999999999,2.1746575342465757,3.2751677852348995,1.3012295081967211,1.959731543624161,1.4699999999999998,1.43,8.3,14.01,44.3,4.3060422663973,2.6965162710430657,2.5500605127076685
setosa,174.1,clay,4.65,3.95,1.13,0.34,18.367500000000003,0.3842,1.1772151898734178,3.323529411764705,4.115044247787611,11.617647058823527,3.5200000000000005,3.61,4.61,19.97,46.65,4.285732142819941,0.6198386886924694,47.80713170223843
virginica,168.4,loamy,7.46,3.21,4.98,1.97,23.9466,9.8106,2.32398753894081,2.527918781725889,1.497991967871486,1.6294416243654823,2.4799999999999995,1.24,13.9,11.25,77.31,4.893526335884992,3.1321877338371658,2.440890465414959
virginica,78.2,clay,7.54,3.92,5.39,2.02,29.5568,10.8878,1.923469387755102,2.668316831683168,1.3988868274582562,1.9405940594059403,2.1500000000000004,1.9,11.06,8.75,74.04,5.436616594905328,3.2996666498299487,2.714671467146715
setosa,296.6,loamy,5.0,3.96,1.22,0.33,19.8,0.4026,1.2626262626262623,3.696969696969697,4.098360655737705,12.0,3.78,3.63,4.96,25.89,47.63,4.449719092257398,0.6345076831686123,49.18032786885246
setosa,61.9,clay,5.16,3.97,1.46,0.39,20.485200000000003,0.5694,1.2997481108312343,3.743589743589743,3.534246575342466,10.17948717948718,3.7,3.58,4.69,23.52,47.09,4.526057887389422,0.7545859791965392,35.9768177028451
versicolor,189.8,clay,6.33,3.23,4.99,1.06,20.4459,5.2894000000000005,1.959752321981424,4.7075471698113205,1.2685370741482966,3.0471698113207544,1.34,2.17,10.18,13.91,49.03,4.521714276687549,2.299869561518653,3.865447876885847
setosa,150.6,clay,4.67,3.24,1.4,0.12,15.1308,0.1679999999999999,1.441358024691358,11.666666666666666,3.335714285714286,27.000000000000004,3.27,3.12,4.51,14.67,50.1,3.889832901295376,0.4098780306383839,90.06428571428573
virginica,152.5,sandy,7.61,2.6,5.14,1.75,19.786,8.995,2.9269230769230767,2.937142857142857,1.480544747081712,1.4857142857142858,2.4700000000000006,0.8500000000000001,9.38,9.9,72.32,4.448145681067562,2.9991665508937646,2.199666481378544
virginica,169.0,sandy,5.98,2.53,5.58,1.76,15.1294,9.8208,2.363636363636364,3.1704545454545454,1.07168458781362,1.4374999999999998,0.4000000000000003,0.7699999999999998,13.71,10.16,60.14,3.8896529408161857,3.133815565728143,1.540546594982079
virginica,164.1,clay,6.82,4.22,5.09,2.62,28.7804,13.3358,1.6161137440758295,1.9427480916030533,1.3398821218074657,1.6106870229007633,1.7300000000000004,1.5999999999999996,11.34,10.53,78.42,5.364736713017704,3.6518214633248434,2.1581307458120245
virginica,253.0,loamy,6.61,3.54,5.65,1.92,23.3994,10.848,1.8672316384180792,2.942708333333333,1.1699115044247788,1.84375,0.96,1.62,13.28,9.76,76.79,4.837292631214283,3.2936302160382245,2.1570243362831856
virginica,113.2,loamy,7.35,3.15,5.76,2.11,23.1525,12.1536,2.333333333333333,2.729857819905213,1.2760416666666667,1.4928909952606635,1.59,1.04,11.72,8.68,64.77,4.811704479703632,3.486201371120148,1.904991113744076
